,pred_var,true_var
2018-11-01,0.004294238137719495,0.006429250515869178
2018-11-02,0.004535711927189848,0.0004377968119442244
2018-11-05,0.004222399536519652,0.00016241889571144696
2018-11-06,0.0038797816551174877,0.000288282700662279
2018-11-07,0.003602987990809078,0.0070764295225673735
2018-11-08,0.003911143044515968,0.0006189163554486399
2018-11-09,0.003693970541538817,0.003494620014153682
2018-11-12,0.003785384376557349,0.00014878383217098445
2018-11-13,0.00348789884617184,0.0010499232098526434
2018-11-14,0.00337163343018446,6.555531470553433e-06
2018-11-15,0.003054757904308662,1.8757968379468082e-05
2018-11-16,0.0027741217085463987,3.872346327149501e-06
2018-11-19,0.0024909600659134223,3.3020730212385274e-06
2018-11-20,0.002262509139062741,0.0010902595373307733
2018-11-21,0.0022389432755712895,0.0027692683257223294
2018-11-22,0.0023634178123898395,0.001132125893399838
2018-11-23,0.002342083435559784,0.002869450197895418
2018-11-26,0.002466676754025006,0.00036101658345710774
2018-11-27,0.002336658293237522,0.0008439798744062088
2018-11-28,0.0022862026439495887,0.004517587181612548
2018-11-29,0.0025176364452049586,0.0036118411704215703
2018-11-30,0.0026787150006083774,0.0007088410075271057
2018-12-03,0.002589346424070018,0.003016483876424836
2018-12-04,0.0027121843916610966,0.00030070936042836394
2018-12-05,0.0025494054558347964,0.0005968344932867353
2018-12-06,0.002452537923306113,0.006354960587930947
2018-12-07,0.0027745988412411376,0.0017148451027928502
2018-12-10,0.002782252717270224,2.4801526542717056e-05
2018-12-11,0.0025311664643875085,0.003457060087899144
2018-12-12,0.0026840316872235493,0.006001345782770784
2018-12-13,0.0029738175103318156,0.00039516096908265297
2018-12-14,0.002809338211997337,0.0002702669881431419
2018-12-17,0.0026298574999214716,0.002084242849888618
2018-12-18,0.002674097708387259,5.761561626460576e-05
2018-12-19,0.002453354225768738,0.0008906318746220165
2018-12-20,0.0023985286891014153,0.002026549482493145
2018-12-21,0.0024509545121212907,0.0003544107313482314
2018-12-24,0.0023259221842962708,7.025567458995852e-05
2018-12-25,0.0021453618541238833,0.003406935922210863
2018-12-26,0.0023052110452196775,0.005697090871070287
2018-12-27,0.0025841663501155123,0.0031842353342241836
2018-12-28,0.002710029156232673,0.0020463213732959673
2018-12-31,0.002747919314775043,0.0009478343584783389
2019-01-01,0.0026799536510462916,0.0015771318002544277
2019-01-02,0.0026780106565174175,0.0006419901279564044
2019-01-03,0.00257538683292629,0.008478933679001877
2019-01-04,0.0029774112895125954,0.0033367376420798678
2019-01-07,0.0030936089439774824,2.3879053223652136e-07
2019-01-08,0.0027839490295497454,0.010499196734181204
2019-01-09,0.0032798130880728736,0.00045212239459502257
2019-01-10,0.0031004572380404637,0.00012112783291495788
2019-01-11,0.0028579412482999107,0.025599615782430973
2019-01-14,0.003910464960926573,0.00014581163629401317
2019-01-15,0.003578543837983527,0.004126050648868507
2019-01-16,0.00371441331754786,0.0002379172544628716
2019-01-17,0.0034479642991804816,0.00541149180229894
2019-01-18,0.0036683344503467353,0.00584888704171771
2019-01-21,0.0039057208605142533,0.0036673876435528996
2019-01-22,0.003988828025303947,0.0008889931076447866
2019-01-23,0.0038051132481972706,0.04218136723008925
2019-01-24,0.005473669976793378,0.008582106117301258
2019-01-25,0.005812956973552493,0.004591421875291601
2019-01-28,0.005831059195486303,0.002408991411438244
2019-01-29,0.00565076286207958,0.017434781045498227
2019-01-30,0.00647625283879887,0.027534986106019232
2019-01-31,0.007835923648658663,0.017879418025981586
2019-02-01,0.008683140749696196,0.0026345108287371133
2019-02-04,0.008194040949488885,0.0012457825719360827
2019-02-05,0.007562529244634881,5.717054194853688e-05
2019-02-06,0.006694086183296098,0.0010305031322364044
2019-02-07,0.006246831601150099,4.572529214641463e-05
2019-02-08,0.005559420393065304,2.1094528285026115e-05
2019-02-11,0.004947343090106619,4.391194657671349e-05
2019-02-12,0.004437628929912705,4.666655776297546e-05
2019-02-13,0.003983939861899364,0.02790766148605428
2019-02-14,0.005249216546291599,0.0013171755633454296
2019-02-15,0.005003861696140266,0.01242492887587332
2019-02-18,0.005569684729979898,0.03174869341695441
2019-02-19,0.00700536458178767,0.01665169654689258
2019-02-20,0.007771605056497466,0.015345917384604668
2019-02-21,0.008471961757119641,0.0003133461985456165
2019-02-22,0.007606314657991318,0.005277240340106459
2019-02-25,0.007548870697423324,0.0039033913614394677
2019-02-26,0.007359993555505186,0.0018816895434321523
2019-02-27,0.006962540793301201,0.008230068374246002
2019-02-28,0.007203332005074436,0.001041590528091163
2019-03-01,0.006687875723237208,0.0010047726925126454
2019-03-04,0.006223003137376995,0.008705200690212855
2019-03-05,0.006540726518092155,0.0007431730358788968
2019-03-06,0.006048955348601086,0.006655768565599907
2019-03-07,0.006244947149349599,0.018064628298062324
2019-03-08,0.007084221436697957,0.017714381727436113
2019-03-11,0.007917833125792625,0.00269631357848521
2019-03-12,0.007567796716783022,0.001489030370856348
2019-03-13,0.007093917898800409,0.055712289314155505
2019-03-14,0.009575292405937054,0.053475616338606535
2019-03-15,0.012208052522552226,0.00824972422107706
2019-03-18,0.012032746754084814,0.011425381132522006
2019-03-19,0.012160984617537795,0.004735322151493193
2019-03-20,0.011615584199076469,6.39254704370984e-05
2019-03-21,0.010212099015292473,0.0002614021357132401
2019-03-22,0.00910660183188619,0.0024102919128008438
2019-03-25,0.008598290803310815,0.008267913272306693
2019-03-26,0.008725766976417042,0.0004417660643136756
2019-03-27,0.007888017400500809,0.0009747853678634399
2019-03-28,0.0072759276885136755,0.01507101005897482
2019-03-29,0.007978346593702675,0.0008382976890466409
2019-04-01,0.007330084011222206,0.002269763552374293
2019-04-02,0.006982352848202456,0.007019313630603818
2019-04-03,0.007141520940757243,0.01895078286440377
2019-04-04,0.008073293965300933,0.012059855761820337
2019-04-05,0.00853145550934047,0.0011772665531362136
2019-04-08,0.007890026713751712,0.000329970724896711
2019-04-09,0.007120822444919886,0.010484654948241356
2019-04-10,0.007520920744319382,0.0006176872439960235
2019-04-11,0.006879630845907056,0.007171392085396633
2019-04-12,0.007053473059561611,0.0069983607254267
2019-04-15,0.007209677925325703,0.0028208593443350694
2019-04-16,0.006948905152966215,6.398428130349743e-05
2019-04-17,0.006182818053696059,0.0012928039208031095
2019-04-18,0.005816964954163789,0.0021310762325761345
2019-04-19,0.005603009389376308,0.007430580158063194
2019-04-22,0.005885830713934279,0.00011015801910030376
2019-04-23,0.005275048578013019,0.006919675492031985
2019-04-24,0.005541502526292585,0.002298541117621511
2019-04-25,0.005375066621200893,0.000132310814498382
2019-04-26,0.004839578928156887,0.0010238813833423066
2019-04-29,0.004566896130290812,4.175511781667751e-06
2019-04-30,0.004036169009904753,0.002664126796027233
2019-05-01,0.004037775833200265,0.0018546085523523104
2019-05-02,0.00395490276304748,0.005256993319625813
2019-05-03,0.00418536214515352,0.004029769306308495
2019-05-06,0.004297166616861597,0.00017707007412148812
2019-05-07,0.003901786404433055,0.0023907693291098653
2019-05-08,0.003893684154981059,0.0017166131069350499
2019-05-09,0.003799533990773522,0.0013886277765848831
2019-05-10,0.003684588576414554,0.0020831463754920065
2019-05-13,0.003665003864163569,5.390088878254318e-05
2019-05-14,0.0032997141963378943,0.0002667662881767896
2019-05-15,0.0030536979824269802,0.0002303338734286342
2019-05-16,0.0028128272313828018,0.0008540377207202354
2019-05-17,0.00271594581243056,6.044437106744738e-05
2019-05-20,0.002454884232442112,0.007305575873225223
2019-05-21,0.0028989898597654856,0.0021935178199861127
2019-05-22,0.002946538602449704,0.0026307860014114226
2019-05-23,0.003028866637176743,0.0005627747327121568
2019-05-24,0.002865474317853028,0.005194402368439377
2019-05-27,0.0031551293858339356,0.0012426731589050277
2019-05-28,0.003079549653755036,0.0025803575853924343
2019-05-29,0.003153016952247806,0.0011318099835069262
2019-05-30,0.003069756898288364,0.0002520435662960452
2019-05-31,0.0028379520649514907,0.002121177188992185
2019-06-03,0.0028801568500515114,0.0028645328802499037
2019-06-04,0.002990886228511451,0.0010156131834904158
2019-06-05,0.002899823008528215,0.0005893992701970774
2019-06-06,0.0027495369970828134,2.3017837491146054e-05
2019-06-07,0.0024716375062918574,0.00081718823253496
2019-06-10,0.0023958501723169395,0.014412208358498546
2019-06-11,0.003169102177380559,0.001490513082402778
2019-06-12,0.0031242675712864643,0.00033500615135206857
2019-06-13,0.0029196390270497035,0.009125111211816694
2019-06-14,0.0034297193106075517,0.0012734405941161597
2019-06-17,0.0033317016061211136,6.977708268962601e-07
2019-06-18,0.002946785615652086,0.0002444327562356463
2019-06-19,0.0027255331264982204,0.002634646808876262
2019-06-20,0.0028317455236662762,0.0016230886759833751
2019-06-21,0.002825059501645084,0.001475721942028052
2019-06-24,0.0028034498251416603,0.0013218302454287567
2019-06-25,0.0027717016286773833,0.0015945071149827683
2019-06-26,0.0027752067543157888,0.0072320254411337714
2019-06-27,0.003190961596383337,0.0013497608460397714
2019-06-28,0.0031299226089531148,0.0009483953625171182
2019-07-01,0.0030144798577825937,0.009322835166035048
2019-07-02,0.003542048423875206,0.00421811928532545
2019-07-03,0.0037178491037558777,0.0007565884108613474
2019-07-04,0.0035142447640778797,0.003107580870927329
2019-07-05,0.0035991338027387483,3.543113388104757e-05
2019-07-08,0.0032220534628712373,0.0036571797139970386
2019-07-09,0.003376147719406847,0.005394496959665318
2019-07-10,0.0036655887119469,0.0007335309343128316
2019-07-11,0.003460519722418525,0.0012000207934050877
2019-07-12,0.0033472874792126227,0.0009514551440892305
2019-07-15,0.003217428643464771,0.0010806167848365078
2019-07-16,0.003114753089119127,0.00259609910354186
2019-07-17,0.003181326831482914,0.0023677945097348996
2019-07-18,0.0032223477330648805,0.002154387514736733
2019-07-19,0.0032395117865259204,3.0453889783288446e-06
2019-07-22,0.0028706840834684024,7.933737385990014e-05
2019-07-23,0.002607476608413872,0.005755518093028655
2019-07-24,0.0029327246230558984,0.0006387606980906568
2019-07-25,0.0027913361846503408,0.007443159470176042
2019-07-26,0.0032159543823741215,0.006200819464186935
2019-07-29,0.003551733107506318,0.002316416310743641
2019-07-30,0.0035628382181559287,0.008346165676983652
2019-07-31,0.004010816632092537,0.002109593894827455
2019-08-01,0.003951442231012084,0.001247999577231873
2019-08-02,0.003806924448767887,0.0019080025874567141
2019-08-05,0.0037556967218613153,0.0003207160839213685
2019-08-06,0.0034587673723234518,0.00022776253130452062
2019-08-07,0.003173875974413003,0.004118617621785781
2019-08-08,0.0033587066685619375,0.005496210120307765
2019-08-09,0.003629452866638136,0.00030932234027858385
2019-08-12,0.003348075798985363,0.005702774044546999
2019-08-13,0.003639083089681615,0.0004483774440346977
2019-08-14,0.003388636117149982,0.005116253196908893
2019-08-15,0.003629454917229191,0.007924254663972619
2019-08-16,0.004034659005518135,0.001745449636513463
2019-08-19,0.0039297034432190445,0.00905774434653761
2019-08-20,0.004395309358846014,0.00017659302628203477
2019-08-21,0.003981486504991123,0.004090526728307786
2019-08-22,0.0041088277681065625,0.0014280479028752069
2019-08-23,0.003960036329290047,0.0008591022169159857
2019-08-26,0.0037630217444936383,0.0002452032533426518
2019-08-27,0.0034548058467558725,0.001414738394013959
2019-08-28,0.0033701852765074753,0.0024837251783269565
2019-08-29,0.003399684499411788,0.00011033350198630387
2019-08-30,0.0030939476259099416,0.0006409117885528559
2019-09-02,0.0029399966249151906,0.0014279744075675893
2019-09-03,0.0029019316329457973,0.0008225268303458932
2019-09-04,0.0027947217206693953,0.0005459181962885751
2019-09-05,0.0026524927080356243,0.007157669412111822
2019-09-06,0.003035545570632624,0.0018584381988517862
2019-09-09,0.0030364183596372826,0.00023176276118253014
2019-09-10,0.0028111615794312607,0.004807837579333452
2019-09-11,0.003047051057643746,0.00018618409338522213
2019-09-12,0.0028112200984934514,0.0009539383782701805
2019-09-13,0.0027312302030586713,0.0008957145298609248
2019-09-16,0.0026511689260031424,0.003196227578980526
2019-09-17,0.0027830888908986127,0.00012683100280330706
2019-09-18,0.0025630138159399153,0.004686463698239329
2019-09-19,0.002793402293366873,0.0024007224920330472
2019-09-20,0.002853884723563938,0.00350486975860953
2019-09-23,0.0029923177821080337,0.0023532485153081595
2019-09-24,0.003035203397868145,0.02557364891033398
2019-09-25,0.004135529718019779,3.6713003513710873e-05
2019-09-26,0.0037151644780301423,0.010330955467421354
2019-09-27,0.004210140776330591,0.0029273891497831883
2019-09-30,0.004208676753843416,0.0009127241639834693
2019-10-01,0.00398865634989694,0.00023793735883792522
2019-10-02,0.0036823746985705755,0.0069117101979223605
2019-10-03,0.003993661148359169,0.0001836966021704356
2019-10-04,0.0036626061264777013,0.012860476868124415
2019-10-07,0.004270829821572748,0.004874311967654421
2019-10-08,0.004417934521665975,0.005943938044734587
2019-10-09,0.004629544890712495,2.0496909218792325e-06
2019-10-10,0.004113453571093001,0.0005893372486802662
2019-10-11,0.003851556136802253,4.6696697555859146e-05
2019-10-14,0.0034752862036379405,0.028947289708447954
2019-10-15,0.004747484707460638,0.006302322664508253
2019-10-16,0.004962515038458669,0.003547882755115417
2019-10-17,0.0049703667209518255,0.01581082223089325
2019-10-18,0.005723298839161358,5.114750221757447e-05
2019-10-21,0.005076396030590497,0.0032515950063869425
2019-10-22,0.005035843346560122,0.0019644377966274718
2019-10-23,0.004864474810028083,0.004744994893043142
2019-10-24,0.00496029536587126,0.003430608654395151
2019-10-25,0.004939728043508389,0.0030598390833826983
2019-10-28,0.0048839989362675735,0.00305410180192478
2019-10-29,0.004828216123245481,0.003907197301218801
2019-10-30,0.004854442284498306,0.0064480125677963684
2019-10-31,0.00510651932899639,0.00989659975230417
2019-11-01,0.005529255569005464,0.0015785971407797916
2019-11-04,0.0052449596501623,0.019238552968521283
2019-11-05,0.006158411367155346,0.003473496621175798
2019-11-06,0.006014910837578526,0.0007901480873906408
2019-11-07,0.005543733978356236,0.009921965917577324
2019-11-08,0.005934793722851962,0.007276289667540681
2019-11-11,0.006123738698109086,0.002627983153958624
2019-11-12,0.005891149448137284,0.0004827757758345541
2019-11-13,0.005380675224091772,0.004667504555860624
2019-11-14,0.005411950220258227,0.001449515236798149
2019-11-15,0.0051622398450658505,0.011239163580596845
2019-11-18,0.005658892723141576,0.008850274445444839
2019-11-19,0.005974534510707397,2.12052490073944e-05
2019-11-20,0.005289149683248753,0.020269805107740346
2019-11-21,0.006240787795660878,0.0023870205232165986
2019-11-22,0.00597040652601164,0.003997733379719648
2019-11-25,0.005889636733427189,0.00023468299112394675
2019-11-26,0.005300405508526544,0.0034327555786024533
2019-11-27,0.005245567490793514,0.006832729496156986
2019-11-28,0.005466590723715594,0.002286595254576085
2019-11-29,0.005266148137837892,1.3534491876576737e-05
2019-12-02,0.00464151926377173,0.0010154887993829576
2019-12-03,0.004352592111361377,0.013445925394655056
2019-12-04,0.004988901517407774,0.00012487405545957841
2019-12-05,0.0045248978361972355,0.002264902820302339
2019-12-06,0.0044107170361581535,7.895638603105937e-05
2019-12-09,0.003962855628487509,0.001888020192145845
2019-12-10,0.003880577445805312,0.002706654944134357
2019-12-11,0.0038797904135879535,0.002036488744445286
2019-12-12,0.0038144122812299557,0.019366516556909907
2019-12-13,0.004755534357998839,0.0068917768932843515
2019-12-16,0.005021285394185776,0.0029058851386309925
2019-12-17,0.004937545748104366,0.003368778453698873
2019-12-18,0.004907375876769657,0.026544810796564455
2019-12-19,0.00614038803396648,0.002917721998442424
2019-12-20,0.005944065492271659,1.2274800847755785e-05
2019-12-23,0.005223742814445193,0.01757395762224956
2019-12-24,0.006059921446602587,0.019716368819345576
2019-12-25,0.006999972144942022,2.3006336650865933e-05
2019-12-26,0.006116099308812956,0.0004120508561484826
2019-12-27,0.00554018049104977,0.01729342661587374
2019-12-30,0.006360457263311012,0.006027260516543009
2019-12-31,0.00642871205242688,0.0009547920611474581
2020-01-01,0.006013143507589233,2.1200257016573687e-07
2020-01-02,0.005270653582424313,0.0006330296778029876
2020-01-03,0.0048726706912204255,0.00012989932212192912
2020-01-06,0.004385472110556112,0.02476575343283205
2020-01-07,0.005560952310974493,0.0014483054978864374
2020-01-08,0.005265202912655601,0.0005967043986565557
2020-01-09,0.004865664769463087,1.9289376318454288e-08
2020-01-10,0.00428221616646295,0.00015676367015426962
2020-01-13,0.00388295957321098,0.007428543412537181
2020-01-14,0.004247990395037495,0.005003711843171388
2020-01-15,0.004420755419522879,8.016611554406694e-05
2020-01-16,0.00399001579198306,0.005621160717275586
2020-01-17,0.004210621301052386,3.615878162754882e-05
2020-01-20,0.003778344639764657,6.22137111490062e-05
2020-01-21,0.0034096480063410296,0.003436455168024821
2020-01-22,0.0035157020655473153,0.005773392943789979
2020-01-23,0.0037786482804525734,0.0018396658134918198
2020-01-24,0.003713959173740125,0.010561336342384209
2020-01-27,0.004234886889134367,0.01149807302080319
2020-01-28,0.004789901517967734,0.0005092752440551962
2020-01-29,0.004431900610426438,0.0006620250605164912
2020-01-30,0.004147003128025143,0.016599625808598972
2020-01-31,0.004946659810513505,0.0005551078440229062
2020-02-03,0.004581534850429561,1.3003123910948489e-07
2020-02-04,0.004054464100090834,0.01315544668275237
2020-02-05,0.004685945072937786,0.0009872852667172083
2020-02-06,0.004428331581408309,0.004540915851586114
2020-02-07,0.004542083675286708,0.007552585853879634
2020-02-10,0.004862496485697156,0.008582118731882638
2020-02-11,0.005218178225515635,0.001218900601218209
2020-02-12,0.004936551914752442,0.00026412928336938535
2020-02-13,0.004507974830539846,9.477219325138009e-05
2020-02-14,0.004073906226807825,0.002974293696230923
2020-02-17,0.004087613192088785,0.008655194428582647
2020-02-18,0.004481740519551294,0.01913399210653033
2020-02-19,0.005377444778565882,0.0038148196300547
2020-02-20,0.005365362273052161,0.003276307586393301
2020-02-21,0.005300698470500527,0.008042881411558511
2020-02-24,0.005600083345326749,0.0034958290211601906
2020-02-25,0.005538163428221324,0.009521556318428104
2020-02-26,0.005916562329894903,0.006279944954199479
2020-02-27,0.006053475161812054,0.0008172248241118396
2020-02-28,0.005611113409768519,0.008727219152968146
2020-03-02,0.005936302095610322,0.0012563679263823957
2020-03-03,0.005573292388952216,0.0002070486514345049
2020-03-04,0.005049245103563295,1.431540254337449e-06
2020-03-05,0.004459189463540521,0.018810777082252095
2020-03-06,0.0053573503514885825,0.006132848750583619
2020-03-09,0.005542154314359357,0.01693466897459217
2020-03-10,0.006322809983883726,0.01402006581390669
2020-03-11,0.006935051995477287,0.00736422351167576
2020-03-12,0.007089959025015648,0.0013468897583148731
2020-03-13,0.0066155597073194305,0.029779615651202462
2020-03-16,0.008017932257539079,0.02401838572518411
2020-03-17,0.00916463418633796,0.0360878262168427
2020-03-18,0.01096700106881752,0.0019578191998377292
2020-03-19,0.01007754911544305,0.014479245375244254
2020-03-20,0.01052807194138524,0.0181755509835142
2020-03-23,0.011273337536677001,0.0013445240692320226
2020-03-24,0.010249286261191221,0.021208994714911
2020-03-25,0.011158294560042161,0.00011452905994158158
2020-03-26,0.009777920444714547,0.0007328058953177674
2020-03-27,0.008832848076016057,0.0012645296073463541
2020-03-30,0.008117246748905337,0.00837938608782629
2020-03-31,0.008267752117713838,0.003725568319000949
2020-04-01,0.007964994821557707,0.0362266357688803
2020-04-02,0.009754112532068836,0.0044753865900029055
2020-04-03,0.009393174765813582,0.0014627061007663755
2020-04-06,0.008646228224179512,0.023711723951247876
2020-04-07,0.00977840033848691,0.000992174055660655
2020-04-08,0.008908301421982992,0.0007313665157546723
2020-04-09,0.008081488474633275,0.0002759440316291162
2020-04-10,0.007223226984619404,0.040605938831193455
2020-04-13,0.009243281431623434,0.0007891053497912637
2020-04-14,0.008386017375799155,0.0007900914556460137
2020-04-15,0.007652981497638787,0.0003804451997249103
2020-04-16,0.006900133314784368,0.00015802882812732122
2020-04-17,0.006157166329717741,0.011939604403718107
2020-04-20,0.006696223804424534,5.1469975443474425e-05
2020-04-21,0.005917146551845621,0.01562203405832463
2020-04-22,0.006716514438082313,0.00023801774133414
2020-04-23,0.006036663691301103,0.0018908289612067364
2020-04-24,0.005761096109695407,0.002398296906824804
2020-04-27,0.005566271162787084,0.02496549040150242
2020-04-28,0.006837404152431407,0.013994995506747543
2020-04-29,0.007469372106717711,0.00576673221866475
2020-04-30,0.007473746906230194,9.72022320491206e-05
2020-05-01,0.00664928299596324,0.026403118078640375
2020-05-04,0.007947989906030377,0.014876925894364845
2020-05-05,0.00857360981971316,7.080307461304614e-05
2020-05-06,0.00759539224913265,0.019662849077818123
2020-05-07,0.008515108060078177,0.01864149160730655
2020-05-08,0.00934128274656048,0.020833595321188447
2020-05-11,0.010286919300173131,0.01292424512458723
2020-05-12,0.010653002762079913,0.005921333915578586
2020-05-13,0.01038302525644981,0.006520908249220803
2020-05-14,0.01019798250266729,0.005888646913471796
2020-05-15,0.009965909934852498,0.02426164233958783
2020-05-18,0.011068264196677434,0.009113888980679441
2020-05-19,0.011061934659317051,0.0007537698789885638
2020-05-20,0.010030191619260172,0.0022958438411357918
2020-05-21,0.009398815797649942,0.01842511062357044
2020-05-22,0.010172898616904522,0.004217661012340557
2020-05-25,0.009776865043553948,0.0030508973894773916
2020-05-26,0.009266328245006025,0.004704333912118663
2020-05-27,0.009007853507618124,0.009086765634696015
2020-05-28,0.009158476661683413,9.55387739853819e-06
2020-05-29,0.00800521980056104,0.010679451560800857
2020-06-01,0.00835473580239011,0.0061223355147843606
2020-06-02,0.008289683185431999,6.233084934059718e-05
2020-06-03,0.007349915486036657,0.007621836643805224
2020-06-04,0.007524061485737677,0.0287773546361505
2020-06-05,0.00897502382181287,0.010028822371179302
2020-06-08,0.009181017483450928,0.0002573733534809719
2020-06-09,0.008200207415945208,3.937466855763461e-05
2020-06-10,0.0072250854158722,0.0019877372421719386
2020-06-11,0.006820882284480454,0.002270838095833838
2020-06-12,0.006521397651227778,0.0008284008433454559
2020-06-15,0.006032850714265708,0.005465204962885828
2020-06-16,0.006129506422640241,0.0009027450831613493
2020-06-17,0.005669277738331307,0.004290256836898543
2020-06-18,0.005704407838324638,0.00139494735785739
2020-06-19,0.005379609125964557,0.01946728193978231
2020-06-22,0.006394830717508451,0.000338541345106691
2020-06-23,0.0057872490971214675,0.002269390705566643
2020-06-24,0.0055886042460658,0.00047127101533739335
2020-06-25,0.005123181187972296,0.00032952356580473463
2020-06-26,0.00468282426220134,0.008590673338667365
2020-06-29,0.00507211826799216,3.3686554292700066e-06
2020-06-30,0.004494011465082016,0.011538561060530306
2020-07-01,0.00509156748088387,0.020457666348491443
2020-07-02,0.006107255913881075,0.0020346651767484403
2020-07-03,0.005868144816671418,0.004882656945239816
2020-07-06,0.005927095911917624,0.00010279805402557685
2020-07-07,0.005317665723529204,0.0004332363650130233
2020-07-08,0.004878549164536973,0.007987441722019817
2020-07-09,0.005233104989997285,0.0037858658991964944
2020-07-10,0.00524443839594607,0.00012135836610482897
2020-07-13,0.004725302963790539,0.004050644509649537
2020-07-14,0.004796313818985641,0.0058751145006326055
2020-07-15,0.005008864173155699,1.9489341413603256e-05
2020-07-16,0.004447212731241439,0.0004588512351020313
2020-07-17,0.004099397024805257,0.0010329885520752313
2020-07-20,0.003903501424158846,0.002357032997050368
2020-07-21,0.003900445717441503,0.0036058954317725878
2020-07-22,0.003997594342297817,0.02177353029186868
2020-07-23,0.005091574494040026,0.004273067365766714
2020-07-24,0.005146518513458755,0.005654263529936365
2020-07-27,0.005331783297313747,0.006442291114129972
2020-07-28,0.005537993678102533,0.0005991625651731169
2020-07-29,0.005120136982267672,0.0019507145806993975
2020-07-30,0.004947551437490457,0.001366911938569082
2020-07-31,0.00472936214521439,0.00035262540282676724
2020-08-03,0.004352498365738686,0.014296741218089437
2020-08-04,0.005050164297597765,0.005919011100330884
2020-08-05,0.00523680686373061,0.000548846234145195
2020-08-06,0.004851924712123152,0.03121648291649226
2020-08-07,0.006259987970480833,0.0076489132628827505
2020-08-10,0.006515243572117001,0.019179278199637828
2020-08-11,0.007433490682456825,0.005967146433794035
2020-08-12,0.007479681198729046,0.01113843444155549
2020-08-13,0.007868577274940556,0.004388821280385535
2020-08-14,0.007701476146589055,0.038414331083962416
2020-08-17,0.00957115129970236,0.0012684672678107134
2020-08-18,0.00880183365149621,0.000969445395092805
2020-08-19,0.008068298897516044,0.00014947292254063882
2020-08-20,0.007187469134500198,8.215072866590845e-05
2020-08-21,0.006397654804090373,0.0006146701306501967
2020-08-24,0.005881674079256429,0.00030225278646689446
2020-08-25,0.005321947562171575,0.0002765250986538348
2020-08-26,0.004848087122665613,0.0019726481660997663
2020-08-27,0.004658012840066274,0.0003650350590254092
2020-08-28,0.004288206778820299,0.0005910762967547001
2020-08-31,0.003967949141059998,0.00040822015988961624
2020-09-01,0.003609660279551691,0.005032039682519418
2020-09-02,0.003909088161822446,0.0012439898686391615
2020-09-03,0.0037466103724300226,2.706057733803391e-05
2020-09-04,0.00332852726951687,0.0003546493100436976
2020-09-07,0.0030868901782034994,1.419415128545154e-05
2020-09-08,0.002735443653902536,0.00010851751003038146
2020-09-09,0.0024702141996051238,0.0008580853313260306
2020-09-10,0.0023841458890033534,0.0019053998749889445
2020-09-11,0.002446886944012602,0.001312390053104906
2020-09-14,0.002431688668770266,0.008447896926161214
2020-09-15,0.002948400205728607,0.0006758418376273667
2020-09-16,0.00280893024112835,0.0015371321590702536
2020-09-17,0.002789940383437354,0.0007972241285143511
2020-09-18,0.0026815550572769995,0.0013239758607959118
2020-09-21,0.0026549300031560702,0.00027513549689750505
2020-09-22,0.0024479208304858725,0.0019144749843000852
2020-09-23,0.0025039273668523605,0.003913401369032954
2020-09-24,0.002722915693630524,0.005119362245543435
2020-09-25,0.0030194472373780796,0.002917190921085222
2020-09-28,0.003122032172745097,8.138897404919021e-07
2020-09-29,0.002747590695319107,0.006141353685553241
2020-09-30,0.003108152056690778,0.0004927859440160276
2020-10-01,0.002919739378829879,0.004296858076199506
2020-10-02,0.0031433895571170234,0.0010776234978786547
2020-10-05,0.003036189614894222,0.004378389795611781
2020-10-06,0.003268629327386323,0.00026179560823269554
2020-10-07,0.00300247153513313,0.001971655431834307
2020-10-08,0.003019419124052648,0.004549999360080825
2020-10-09,0.0032616158581616184,0.0005900705330175171
2020-10-12,0.0030642652514030052,0.0018610751522016855
2020-10-13,0.0030610120931004276,0.0008760917528194412
2020-10-14,0.002934517064455427,0.0007568237658679422
2020-10-15,0.002808034656274994,0.00039616774202855254
2020-10-16,0.002624389161302418,2.497691956460102e-05
2020-10-19,0.002340017284003805,3.598151946260231e-05
2020-10-20,0.002100528210988772,0.004971383548400432
2020-10-21,0.0024074038341851617,0.000645120053282433
2020-10-22,0.0023109856959836975,0.002401118098885213
2020-10-23,0.002418527820535777,0.0006537405080191405
2020-10-26,0.002327956088582658,0.00011563441608153369
2020-10-27,0.0021334549356761775,0.0004864071401886605
2020-10-28,0.00204468292277913,0.0015173808762707353
2020-10-29,0.0020832790099091273,1.4881083796325356e-06
2020-10-30,0.0018425317811243804,7.384598757376182e-06
2020-11-02,0.0016424804316435971,0.0003135726517120574
2020-11-03,0.001560205216773501,0.003618687448807556
2020-11-04,0.0017961905802945275,0.006039741047845659
2020-11-05,0.0021808546648291733,4.0103169894223356e-05
2020-11-06,0.0019608523371390293,7.32529281508576e-05
2020-11-09,0.001794267487283081,0.010398892881562816
2020-11-10,0.0023926185953242305,9.242867438619129e-05
2020-11-11,0.0021783945110306325,0.0028309383036022595
2020-11-12,0.0023287787494649967,0.003954920736935819
2020-11-13,0.0025539635716953094,1.0844727711400992e-05
2020-11-16,0.0022739546566927734,1.6032751358530106e-05
2020-11-17,0.0020346133718469562,0.0004707130801797632
2020-11-18,0.0019518662829010318,0.007659022072209254
2020-11-19,0.0024081043311346816,0.006598992158860284
2020-11-20,0.002803448717994036,5.089681942571644e-06
2020-11-23,0.0024785022795026108,0.005775525324632547
2020-11-24,0.0028265568363505375,3.7976623064928106e-05
2020-11-25,0.0025322863060748785,0.0009944589655805913
2020-11-26,0.0024835888107865656,0.0001586490269032126
2020-11-27,0.002292205705961027,0.0007624475539032005
2020-11-30,0.0022249686663820736,0.0008474408349696816
2020-12-01,0.0021854864663367907,0.00020120110963439686
2020-12-02,0.0020304730392337327,0.0013497250567038321
2020-12-03,0.0020614490753314944,0.0021169396309810296
2020-12-04,0.0021664163535878495,0.002940047823572378
2020-12-07,0.00231868062605665,0.00035816601482530075
2020-12-08,0.0021824612880161614,0.0017956566089836201
2020-12-09,0.002243645969227623,0.0005682986116148925
2020-12-10,0.0021656444488144817,0.00012591113748161575
2020-12-11,0.001985027236022507,0.0009809020999993479
2020-12-14,0.0019710327394154704,0.0019316056224454314
2020-12-15,0.0020543792792112165,0.0015991817668679076
2020-12-16,0.002100630044907412,0.003285979428714114
2020-12-17,0.0022879039051221634,0.0030977295353986634
2020-12-18,0.0024470937670512255,0.008437966199434932
2020-12-21,0.002944935943749301,0.003305765654591397
2020-12-22,0.0030930085333260335,0.0001673168749452003
2020-12-23,0.0028252897090742394,9.803765615856719e-05
2020-12-24,0.002564437384342952,0.0028412199670189153
2020-12-25,0.0026925870709998143,0.008257423806043107
2020-12-28,0.003174012119571922,4.965187875960453e-06
2020-12-29,0.0028039596385216327,0.004421829703218805
2020-12-30,0.0030471742066107803,0.003918300337240055
2020-12-31,0.003230116884691659,0.0005445808679302999
2021-01-01,0.003018197549983851,0.0002089683969481726
2021-01-04,0.002792306994795338,0.00889407277832266
2021-01-05,0.0033084910622229054,0.00951135317006191
2021-01-06,0.0038662398986836093,0.0037753748476978544
2021-01-07,0.003984235689512412,0.0010156421940736848
2021-01-08,0.0037855688132008704,0.0012997769988807306
2021-01-11,0.0036442803107337605,0.00025101579211828096
2021-01-12,0.003338423128013091,0.00013966469838777584
2021-01-13,0.0030348201471799225,0.0026830998783129445
2021-01-14,0.003120002698026742,0.004124027504736283
2021-01-15,0.0033231787192437396,0.005006081748910596
2021-01-18,0.003571148099889695,8.972862325773434e-05
2021-01-19,0.0032126692060419158,8.61370189486621e-06
2021-01-20,0.002844482670815108,7.904471568842553e-05
2021-01-21,0.0025799343366118,0.006987254662427667
2021-01-22,0.002988760267788041,0.0010554863580578555
2021-01-25,0.0029051354930707757,0.0017019124327610768
2021-01-26,0.0028981720637009205,0.00043596013924318555
2021-01-27,0.0027178480163769394,0.015623329022806942
2021-01-28,0.0035519872892668916,0.007590198671428183
2021-01-29,0.003965100839522644,0.0012466490776761319
2021-02-01,0.0038055635847717953,0.0008269533647320415
2021-02-02,0.0035984774057759134,0.006510411053626264
2021-02-03,0.003941606810216832,0.002676009596585871
2021-02-04,0.003942094169275644,0.010710881141685391
2021-02-05,0.004536510159849914,0.011400353387299944
2021-02-08,0.0051562212403974735,0.0037684995346092265
2021-02-09,0.005153013525771316,0.0009427142417237633
2021-02-10,0.004814192602400445,0.011165472949340227
2021-02-11,0.005402347772883558,0.0001706296869778967
2021-02-12,0.004827773097601123,0.009706353077380214
2021-02-15,0.005325254326186919,0.0006764845740345748
2021-02-16,0.004915899065439596,0.00019734472395960267
2021-02-17,0.004436103311112863,0.00042181788446260526
2021-02-18,0.0040783318245079326,0.003718367351878804
2021-02-19,0.004175035682785763,6.840213238312742e-05
2021-02-22,0.0037366531597192994,0.009100341099066434
2021-02-23,0.004227147064139946,0.004768341960721401
2021-02-24,0.004412332674928424,0.006979004724217752
2021-02-25,0.004733589265236128,0.0004534558977651315
2021-02-26,0.004349344941561181,0.006556084254315309
2021-03-01,0.004645564012415873,0.0011293735798858506
2021-03-02,0.004396791542109551,0.0004799973693314641
2021-03-03,0.004065062194662697,0.00642081667775507
2021-03-04,0.004384727303053398,0.02307621250307612
2021-03-05,0.005571718068335813,4.5102409584885095e-06
2021-03-08,0.004863464412274444,0.030270271234947188
2021-03-09,0.006438635003184743,0.005406430402243423
2021-03-10,0.0064973827625715245,0.0022569425716261193
2021-03-11,0.006199990581101346,0.04446910857284703
2021-03-12,0.00857526743029086,0.011070201947650737
2021-03-15,0.008962416984703129,0.001684278369021186
2021-03-16,0.008254079964252136,0.0010158569586247168
2021-03-17,0.007519584959927543,0.005408474900867155
2021-03-18,0.007482885968765022,0.03684649626740821
2021-03-19,0.009526815402879921,0.010232374488545304
2021-03-22,0.009779894364171426,0.008095863920562607
2021-03-23,0.009783619560815153,0.011944536623232693
2021-03-24,0.01014601193758099,0.010105024835092458
2021-03-25,0.010343951914310921,0.035245978782844745
2021-03-26,0.012266970679403725,0.037199939204201726
2021-03-29,0.014373262922532678,0.008717463741314546
2021-03-30,0.013967569353349342,0.0006479604590881038
2021-03-31,0.012281024279868798,0.0013405838663711478
2021-04-01,0.011041828451797374,0.00039061853706456873
2021-04-02,0.009719312778057683,0.00011054143124233917
2021-04-05,0.008435224776401755,0.008614974426390809
2021-04-06,0.008633918688324155,0.005287724293546958
2021-04-07,0.008473678131943198,0.0012320227228679315
2021-04-08,0.007734866763331344,0.003017769375329493
2021-04-09,0.007390812180786395,0.004520494427810995
2021-04-12,0.007272626545679557,0.00023611652581578824
2021-04-13,0.006417864217505489,0.003685733745151687
2021-04-14,0.006290685626464974,0.0021054235852657754
2021-04-15,0.0059746295760177365,0.009000142542311629
2021-04-16,0.006407991483231222,0.02106548679554532
2021-04-19,0.007629268403461134,0.0020631876150805084
2021-04-20,0.007151728238950338,0.02972031459839819
2021-04-21,0.008844745427551128,0.0029927212257145897
2021-04-22,0.008349530961324058,0.006644513297056065
2021-04-23,0.008409447520625722,0.004271563336143203
2021-04-26,0.008156553743695439,0.0010751641989710237
2021-04-27,0.007435854919571992,0.03495717422663436
2021-04-28,0.00942764070865655,0.00011622966821001057
2021-04-29,0.008226792208858406,0.006857106749618147
2021-04-30,0.008273402017767294,0.012134961901279162
2021-05-03,0.008793591491685883,0.06731012222216659
2021-05-04,0.012518731528767412,0.0002400364627499485
2021-05-05,0.01085863545596374,0.0008176574121057101
2021-05-06,0.009712655760173843,0.005649474691802325
2021-05-07,0.009493299987470992,0.0031750062079085595
2021-05-10,0.008976187206513683,0.016138956568839014
2021-05-11,0.009776786397682492,0.025858611852508595
2021-05-12,0.01120032586046772,0.003443322702112006
2021-05-13,0.010517746031038716,0.005299431006912769
2021-05-14,0.010159615436861433,0.007652345171825559
2021-05-17,0.010178984557467298,0.0027023360498743543
2021-05-18,0.009483987846183718,0.004792971587072259
2021-05-19,0.009217318097850546,0.030956194609665033
2021-05-20,0.010987753665072134,0.000409680156534975
2021-05-21,0.009695342040401182,0.006751350968901448
2021-05-24,0.009590722833822162,0.0004554253137936115
2021-05-25,0.008512872023016932,0.016901633669855087
2021-05-26,0.009393038873870992,0.00035279654129993787
2021-05-27,0.008324917371623077,0.01526747691272412
2021-05-28,0.009077096757745175,0.039478174073685146
2021-05-31,0.01135693637263869,0.0008030893771788783
2021-06-01,0.010150531357763327,0.006314888103704952
2021-06-02,0.00996595055288987,0.0383850911979744
2021-06-03,0.012175447168544353,0.02851983626717569
2021-06-04,0.013719399888926617,0.00010367403949462783
2021-06-07,0.01182619949161984,0.0006074491234668855
2021-06-08,0.010483896269751589,0.0007162445187871569
2021-06-09,0.009379458444412455,0.000687728421668865
2021-06-10,0.008383689467841628,0.021683884201450176
2021-06-11,0.009622250104163904,0.024924740010074053
2021-06-14,0.011015125336754361,0.00024135961852955745
2021-06-15,0.009662348349486666,0.006885847912582399
2021-06-16,0.009600132377729468,0.016626983625838143
2021-06-17,0.010413452577520679,0.021750940964221144
2021-06-18,0.011537828177897875,0.031415768996710725
2021-06-21,0.013327579885803175,0.005573561220471923
2021-06-22,0.012715347460084968,0.0005896962359637214
2021-06-23,0.011230515212524475,0.0005379274028252112
2021-06-24,0.009953878996763631,0.0011673613744980216
2021-06-25,0.009022395014448199,0.03677616703654163
2021-06-28,0.011195310215030754,0.0026077616404922566
2021-06-29,0.010506749746139306,0.02409273691892011
2021-06-30,0.011727490690032675,0.01867182891554986
2021-07-01,0.012605393897057868,0.04016994498362081
2021-07-02,0.014844349698892338,0.0006691265493676823
2021-07-05,0.013113466662256898,0.002163946310147935
2021-07-06,0.012014753070148643,0.019597718572101464
2021-07-07,0.012922784952513632,0.0069211950230352315
2021-07-08,0.012561125939511912,0.0026967103177781837
2021-07-09,0.011626167991582542,0.0018414615139299428
2021-07-12,0.010645923169051831,0.00026414821860498705
2021-07-13,0.009313334293209713,0.0045411922446216835
2021-07-14,0.009036401070611419,0.0012956596110758056
2021-07-15,0.008280654292630007,0.0009327711295092911
2021-07-16,0.00751928429022053,0.020783599419695875
2021-07-19,0.008738395214949422,0.010064172515336978
2021-07-20,0.009092874976215616,0.0717394699260101
2021-07-21,0.013044684791659844,0.0017737226997969202
2021-07-22,0.01190243995973096,0.03068578208967132
2021-07-23,0.013640876765517928,0.006490175145902555
2021-07-26,0.013074319088910937,0.007680901773179372
2021-07-27,0.012849074185961035,0.0004995263262088656
2021-07-28,0.011342397339234407,0.0020640506864886277
2021-07-29,0.010502729078160319,0.018016356876557893
2021-07-30,0.011383735120454435,0.0246263673178575
2021-08-02,0.01269391544282587,0.00010448020777786837
2021-08-03,0.011032405340940441,0.0032500011609979396
2021-08-04,0.010400242214915796,5.8674854237494856e-06
2021-08-05,0.008945999634193425,0.012404005105137728
2021-08-06,0.009478011350122757,4.757856469694843e-06
2021-08-09,0.008162798515978354,0.005548006601538091
2021-08-10,0.00806366799340415,0.001046704150372335
2021-08-11,0.007431044459693923,0.0007635042468692177
2021-08-12,0.006751365442864042,0.0006587820987764559
2021-08-13,0.006125727972598109,0.00011743215381798677
2021-08-16,0.005390648740706143,0.009078094094784106
2021-08-17,0.005894630917487577,0.0005856015435519168
2021-08-18,0.005329124360712717,0.0010511826527181967
2021-08-19,0.004979175064149561,0.051225075350338045
2021-08-20,0.007795264862099545,0.005131639465590254
2021-08-23,0.007748637322450214,0.0009753093305580052
2021-08-24,0.0071437276970101,0.009271472366663147
2021-08-25,0.007501038804854382,0.004423207815836605
2021-08-26,0.007413018913548868,0.0003158053663021576
2021-08-27,0.0066509658513052355,0.0011906200246674103
2021-08-30,0.006220323971977446,0.0009043283420524517
2021-08-31,0.005741129880494239,0.008158044904087447
2021-09-01,0.006121831552001617,0.0010485849760968335
2021-09-02,0.005705904592637917,0.003534810205108485
2021-09-03,0.005672927084581134,0.0012265713409487233
2021-09-06,0.005338373624966966,0.0002677896501079857
2021-09-07,0.0048196392932046035,0.0025331761124682828
2021-09-08,0.004742277643132069,0.0021271307433501363
2021-09-09,0.004632989574047012,4.200473398974225e-05
2021-09-10,0.0040922225453764345,9.101543324518957e-05
2021-09-13,0.003654531232936388,2.3769314161370403e-06
2021-09-14,0.003189798657183987,0.0023617758118810173
2021-09-15,0.003228782870707809,0.0033410192455569643
2021-09-16,0.0033666795930655086,0.0012569441159691053
2021-09-17,0.0032571646214945545,0.011369420350623827
2021-09-20,0.003950819826828155,0.0008120077604996112
2021-09-21,0.0037267785948519026,0.00024665274775159673
2021-09-22,0.0034031053741196858,4.901554717662293e-10
2021-09-23,0.0029745554456421667,0.014786671066108426
2021-09-24,0.0038505422135866993,0.010331615388906812
2021-09-27,0.004442623200483765,0.0038054081132585793
2021-09-28,0.00454904553187952,3.0098888714746863e-06
2021-09-29,0.003989628497951665,0.0009012195293482961
2021-09-30,0.0037802982193146277,0.003553489910171237
2021-10-01,0.0038947376268728623,0.001051922098657343
2021-10-04,0.003727687023930767,0.009228734295186669
2021-10-05,0.004251479943856128,0.005899778271707845
2021-10-06,0.00452884406882247,0.03188821157021415
2021-10-07,0.006252445559674112,0.0012617188517776157
2021-10-08,0.005853263055275409,0.0042097029200149905
2021-10-11,0.005869154714279976,0.004074944960279936
2021-10-12,0.005876142910829562,0.0008839965322451349
2021-10-13,0.005449931648218319,0.008748528380463583
2021-10-14,0.005886687511391211,0.002454262502961768
2021-10-15,0.005699192227232818,0.00028122907798078245
2021-10-18,0.005146754711790917,0.002136256593793462
2021-10-19,0.005008282656071215,0.00027634981631052824
2021-10-20,0.004541244135675037,0.004180524184207002
2021-10-21,0.0046584531426968985,0.007151064895589698
2021-10-22,0.0050171002735564805,0.006603269601468398
2021-10-25,0.005309997095645874,1.0596008280572278e-05
2021-10-26,0.004651141433049497,0.0014028088865991606
2021-10-27,0.004449035814213086,0.004209962296560121
2021-10-28,0.004601664647546955,7.317378832105703e-05
2021-10-29,0.0041245565353483305,0.0012369698960430497
2021-11-01,0.003993504962675176,0.0004174097300762014
2021-11-02,0.00372941216283036,5.466913698626286e-06
2021-11-03,0.0033460913469313845,0.00013007810126808295
2021-11-04,0.003047844377093105,1.3979052070567377e-05
2021-11-05,0.0027183362552491244,0.0029346460345873737
2021-11-08,0.0028291294480399984,0.00493425580543061
2021-11-09,0.0030978351523432935,7.811065653662297e-05
2021-11-10,0.0028105849610554285,0.003040305855860126
2021-11-11,0.0029401542998481363,0.0066751994890115185
2021-11-12,0.0033125890352695146,0.016285401548142175
2021-11-15,0.004151185713851483,0.006002694224330085
2021-11-16,0.0044187497032155505,0.0032594922571274054
2021-11-17,0.004463802948895529,1.2141046365599095e-05
2021-11-18,0.0039937159339077325,0.014358001190355907
2021-11-19,0.004716218017412322,0.010021136837119471
2021-11-22,0.005201690189087475,0.006011039930594819
2021-11-23,0.005403160473735518,0.00831593719464685
2021-11-24,0.0057459774636130796,0.001471138723502463
2021-11-25,0.00549489124571651,0.00031262243794216715
2021-11-26,0.005063477417369344,0.004353628687889355
2021-11-29,0.005156814107015525,0.011562913837270372
2021-11-30,0.005697934098591753,0.007883447511431996
2021-12-01,0.006009646257229149,0.0014648331792859182
2021-12-02,0.005732788831190428,0.010565193910874626
2021-12-03,0.006202711074298874,0.0349526143419574
2021-12-06,0.007864055677204213,6.70631135033517e-05
2021-12-07,0.007044900952041166,0.001248996488998344
2021-12-08,0.00662293314510445,0.04243472260272796
2021-12-09,0.008639519046922934,0.028000370419320575
2021-12-10,0.010072695825507802,0.0010403343338545312
2021-12-13,0.009289513016455262,0.03563958698932446
2021-12-14,0.011083943890966277,0.00910242838845754
2021-12-15,0.011151546888219208,0.004378189894735485
2021-12-16,0.010729198498482901,0.00136982406332109
2021-12-17,0.00988908188990882,0.003119679287424404
2021-12-20,0.009471770662581218,0.004996225400894616
2021-12-21,0.00928571281037705,0.0004890046805101633
2021-12-22,0.008424945282362699,0.001938818983413526
2021-12-23,0.007981804647102755,0.011458911860184884
2021-12-24,0.008406771408070562,0.011208033020421837
2021-12-27,0.008779429018804503,0.004674383493435741
2021-12-28,0.008612885051342445,0.002654010020393116
2021-12-29,0.008220554342471518,0.011902203271814571
2021-12-30,0.008662863753439195,0.009467287387971979
2021-12-31,0.008901958559884902,0.005162416113753565
2022-01-03,0.008782061533346113,0.0031196685501022614
2022-01-04,0.00846182782904843,0.0018937069834450426
2022-01-05,0.008015959852636126,0.0046599817776513675
2022-01-06,0.007911243454134482,0.001967890122458016
2022-01-07,0.007533494472253629,0.0019237665972635654
2022-01-10,0.00714107349236135,0.005553511215843798
2022-01-11,0.0071570662675098885,2.2007034276683157e-05
2022-01-12,0.006396279153764594,0.004483781745960869
2022-01-13,0.00641776907923712,0.0023508449616471694
2022-01-14,0.0062155289153733246,0.018711373470726045
2022-01-17,0.007140187958444803,0.007732840672739272
2022-01-18,0.007361602866675893,0.011540514406279456
2022-01-19,0.007861674548860305,0.00029160346396039927
2022-01-20,0.007119688361401249,0.011593247213165014
2022-01-21,0.007604560878648838,0.0031409142148390856
2022-01-24,0.007390421893174839,0.0018697254766326665
2022-01-25,0.007030752723707738,0.00044983969489464926
2022-01-26,0.006446283137527891,0.002777168239278538
2022-01-27,0.006281871306159949,0.00011602237433550044
2022-01-28,0.005661552455476107,0.0016424101994374496
2022-01-31,0.005420102143445405,0.003911119282845377
2022-02-01,0.005452783549793986,0.008123953690112984
2022-02-02,0.005801193342201097,0.002546949940647636
2022-02-03,0.005676727670924799,0.0012001895166093846
2022-02-04,0.005382887765420023,0.00010588550165202548
2022-02-07,0.004871032495062516,0.00031515495484946143
2022-02-08,0.004479599833856666,4.0323455600344005e-05
2022-02-09,0.004018457246670198,0.005416318460854441
2022-02-10,0.004263760857307883,0.007231325457899729
2022-02-11,0.004618532174530912,0.004306556905055103
2022-02-14,0.004731689823178232,0.003034528973675066
2022-02-15,0.004723733015296427,0.001699425875736793
2022-02-16,0.004597955215030113,0.00012253413959761872
2022-02-17,0.004181830317334259,0.00222943884774196
2022-02-18,0.0041401123614717115,0.001489421881771591
2022-02-21,0.004064895894550686,8.360052467715207e-05
2022-02-22,0.003693691510825336,0.000588419073370261
2022-02-23,0.00348036089522566,0.001225508392357355
2022-02-24,0.0033805796751367545,0.0038449057688225707
2022-02-25,0.003539394467644784,0.00039081003965080185
2022-02-28,0.0033203628023443146,0.006549358249781534
2022-03-01,0.0036755865815898637,0.00012732503992474165
2022-03-02,0.003369566105442999,0.002316987497643197
2022-03-03,0.0034039569907087616,0.0015307616461459617
2022-03-04,0.003360335771902789,5.448535883800787e-06
2022-03-07,0.003002434102296007,0.0010412846653018448
2022-03-08,0.002923412840690709,0.003945453083339601
2022-03-09,0.0031374200603853254,0.009298219235217786
2022-03-10,0.003667419257418905,0.008903645911360059
2022-03-11,0.004163142901057686,0.01556344463477366
2022-03-14,0.004987101425311486,8.00663005406932e-06
2022-03-15,0.004436633144633096,0.005143440850714498
2022-03-16,0.004647772901929691,0.0029991851945094794
2022-03-17,0.004659295441390745,0.0026077157843946708
2022-03-18,0.004630172835496973,0.005425369457446649
2022-03-21,0.004847070700307005,0.0005014683860675717
2022-03-22,0.004503567443685089,0.0006830963728994277
2022-03-23,0.004241351276737795,0.014205980420802788
2022-03-24,0.004981388749256643,0.000960840124053064
2022-03-25,0.004703758641957276,0.02497568485313373
2022-03-28,0.005956913560766201,0.008336655833499407
2022-03-29,0.006297279760860093,0.000674254895411508
2022-03-30,0.005823660752267798,0.005198757278092714
2022-03-31,0.005934111989449478,0.0020441321462794093
2022-04-01,0.005722652547530925,0.0033742870560704574
2022-04-04,0.005679361441474195,0.0022079294913872616
2022-04-05,0.005512656600291693,0.0016906456497274291
2022-04-06,0.005295981428255768,0.011243722319898453
2022-04-07,0.005861296153075693,3.961451212397549e-05
2022-04-08,0.005237225898314411,0.009112316670261578
2022-04-11,0.005671674841583658,8.585912159020381e-07
2022-04-12,0.00501885467172541,0.009009977860996443
2022-04-13,0.005452471568469313,0.004712770439532221
2022-04-14,0.005550898656983667,1.7329215395989195e-08
2022-04-15,0.004905996276041319,0.00012765962046223933
2022-04-18,0.004457902223494597,0.0004308995700927909
2022-04-19,0.004146669296902149,0.0016254204149497298
2022-04-20,0.004057759830549731,0.0004827591746288107
2022-04-21,0.0038020658273390253,8.936038109119693e-05
2022-04-22,0.003458312224346467,0.0004856648460709323
2022-04-25,0.00325501704743916,0.0002289111475910488
2022-04-26,0.003012824431458105,0.011990861949618292
2022-04-27,0.003702364257123409,0.014194717986001137
2022-04-28,0.004464629103362449,0.001815816874323417
2022-04-29,0.004373309585323711,0.008471603882506784
2022-05-02,0.004823024449067341,6.22427547725124e-05
2022-05-03,0.004348278811810693,0.005529407061070302
2022-05-04,0.0045872293237244404,0.0012929351930388577
2022-05-05,0.004415598672557304,0.0033689826245382193
2022-05-06,0.004474422077580353,0.004952052724961575
2022-05-09,0.00466664420493846,0.015622462324135
2022-05-10,0.0054744950490572914,0.0006481894309189329
2022-05-11,0.0051005490973752825,0.013044245248767794
2022-05-12,0.005759818311580665,2.2835472801574497e-06
2022-05-13,0.005098833392096423,0.0005061769837322316
2022-05-16,0.004741598922516149,0.009209095231904385
2022-05-17,0.005205004392193615,0.010416182361076665
2022-05-18,0.005708670376927618,0.013336088926680034
2022-05-19,0.006360619211632975,0.001934376247739067
2022-05-20,0.006083052857236285,0.0015593258233224105
2022-05-23,0.005784997990091983,0.00011905486279850663
2022-05-24,0.005232524911368318,0.00029325912773714435
2022-05-25,0.004804544222481258,0.01074422230047567
2022-05-26,0.005339448376773958,0.00036653001470909885
2022-05-27,0.004917485843182226,0.015096712827268988
2022-05-30,0.005673661313725961,0.00045996592643682277
2022-05-31,0.0052415033186676415,4.4820729163674855e-05
2022-06-01,0.0047267127720871166,0.01682131471082471
2022-06-02,0.005575487244621035,0.00043075465241848576
2022-06-03,0.005147946265829221,0.021687314224690724
2022-06-06,0.006212508136236013,0.0003316407880582517
2022-06-07,0.0056904988183288235,0.009912636712853029
2022-06-08,0.00613848118324078,0.01747682675923734
2022-06-09,0.007004541006890947,0.006387394522013423
2022-06-10,0.007118778769934116,0.000752859289857355
2022-06-13,0.006566919626668793,0.00809783706442424
2022-06-14,0.006857890558830208,0.01301276407567542
2022-06-15,0.007442601699973944,0.0010247528466234002
2022-06-16,0.006944989901382453,0.0010767139207654708
2022-06-17,0.00645805109043349,0.002960773169187192
2022-06-20,0.006307976275931072,0.00995345548379234
2022-06-21,0.006734252337155347,0.029007255214123617
2022-06-22,0.008186294743497755,0.004790358102253478
2022-06-23,0.008051364365263889,0.005445559345909956
2022-06-24,0.008003884979708045,0.00744181648937392
2022-06-27,0.008117796364779876,0.004594345488948548
2022-06-28,0.00799254244275068,0.00021804229266919606
2022-06-29,0.007180476333430728,0.00010882252715305185
2022-06-30,0.006429007880453626,0.009581770751676544
2022-07-01,0.0068265959423129555,0.004703100098776503
2022-07-04,0.0068119667356937525,0.0008066473232570814
2022-07-05,0.006314726808730079,0.019746806933795824
2022-07-06,0.0073009242759977154,0.003145646199778085
2022-07-07,0.007075684812599433,0.001308741882409592
2022-07-08,0.006623376570154329,0.008005504276690445
2022-07-11,0.0069271767599583395,0.0036645365051111156
2022-07-12,0.00681059287257646,0.007304184828694105
2022-07-13,0.007014869350799151,0.004519006327722508
2022-07-14,0.00697511834697704,0.013860592639623803
2022-07-15,0.007611755119033208,0.007101825088600577
2022-07-18,0.0077456169316189715,0.0028014005398055986
2022-07-19,0.007442643763317796,0.0028863769621629842
2022-07-20,0.007175948947935474,0.0036310918816937487
2022-07-21,0.007029947457172359,0.01920015006325393
2022-07-22,0.007977644817996295,0.010573532574820632
2022-07-25,0.008348065138114778,0.00041646550497809187
2022-07-26,0.007563463136363409,0.0006488589218527352
2022-07-27,0.006920774750095059,0.004798596535344757
2022-07-28,0.00690423929350157,0.0001238731318871089
2022-07-29,0.006183346541884361,0.01163098060210821
2022-08-01,0.0067242087277869815,0.00026604259946161335
2022-08-02,0.006064987818312495,0.0047013844450845
2022-08-03,0.006107489517824451,0.0006445029784494238
2022-08-04,0.005668682400143525,0.0014165083542447832
2022-08-05,0.005370601226112845,3.4046503456508503e-05
2022-08-08,0.0048130030395786855,0.00028546274247176484
2022-08-09,0.0044589405411034665,0.0014632171818078632
2022-08-10,0.004298783987744403,0.0004980616351648592
2022-08-11,0.003990577814683274,0.004155536402015159
2022-08-12,0.004165524815258467,0.013393297304450158
2022-08-15,0.004905004409106775,0.0011168518481454726
2022-08-16,0.00466505392351287,0.0144979172348485
2022-08-17,0.005427690122187029,0.0033961502480810424
2022-08-18,0.00541053894052587,9.761808616381984e-05
2022-08-19,0.004863684660238618,0.008298920580900315
2022-08-22,0.005285176588048233,0.014639787129103965
2022-08-23,0.00604221843518537,2.3938061419315204e-05
2022-08-24,0.005366284019923749,0.008065729878850902
2022-08-25,0.005732308117423379,0.003038784236006009
2022-08-26,0.0056684694658431884,0.0016054990575735673
2022-08-29,0.00542816800007738,0.01999364531570258
2022-08-30,0.006434007317229185,0.005057144738383812
2022-08-31,0.006492214270684721,0.0008190350301777727
2022-09-01,0.006038760869669801,0.0009794998035062008
2022-09-02,0.005678562406736127,0.0013100805060446419
2022-09-05,0.005403345762319963,0.0035892589325055013
2022-09-06,0.005410349801126508,0.012237046580073851
2022-09-07,0.0060079716847715944,0.015188876911125249
2022-09-08,0.0067660738157697365,9.181505023292402e-05
2022-09-09,0.006070397240651409,0.014006496136998337
2022-09-12,0.006756681088003454,1.438506254558547e-06
2022-09-13,0.005966359747844766,0.0036765251396282395
2022-09-14,0.005935700851835856,0.0010153131914822922
2022-09-15,0.005579270357582922,0.023546357636918813
2022-09-16,0.006731863280599762,1.5548032122225663e-05
2022-09-19,0.005981050667208613,0.0007210130560331152
2022-09-20,0.0055756569264037315,0.00016992426858841725
2022-09-21,0.005074656766443135,0.011300553230610078
2022-09-22,0.005630956555792112,0.010199180027765209
2022-09-23,0.006098239852007142,0.004337567309903534
2022-09-26,0.006117890994311078,0.0016636048635749745
2022-09-27,0.005849246818510922,0.00029037957978950146
2022-09-28,0.00536037321500103,0.0022975905530291385
2022-09-29,0.005244947221559072,0.0007645639227895629
2022-09-30,0.004929909537929491,0.00819352255594552
2022-10-03,0.0053088437213009475,0.00034655120700932684
2022-10-04,0.004894764625750654,0.010113826320106156
2022-10-05,0.005392909753451732,0.0009854375187341446
2022-10-06,0.005105931647756248,0.0016128359880607235
2022-10-07,0.00492427435927123,0.003966996154057156
2022-10-10,0.0050077922155861545,0.016646281684362663
2022-10-11,0.005824898759496468,0.0028687108774416714
2022-10-12,0.005733821288924441,4.880396961581823e-05
2022-10-13,0.0051655083447569965,0.0030566973861283486
2022-10-14,0.005142260398354495,0.0008766526304526678
2022-10-17,0.004857162471211954,0.015990516749495143
2022-10-18,0.005641665503491901,0.021453502858987505
2022-10-19,0.006629260899966658,0.0062681495964245215
2022-10-20,0.006745701024160325,0.0001421510995562869
2022-10-21,0.006107871341786451,0.01366956127768404
2022-10-24,0.00669954940771818,0.00010745666376443808
2022-10-25,0.0060622784797614805,0.028171470098381945
2022-10-26,0.007297408668688165,0.030811852182115018
2022-10-27,0.008702292582748935,0.012846704172520873
2022-10-28,0.009152314970525315,0.006231776518752952
2022-10-31,0.009066029036177882,0.00015224438305239119
2022-11-01,0.008124224858756714,1.3369732714707538e-05
2022-11-02,0.007246471656124105,0.00014734728824450372
2022-11-03,0.006570311367324445,0.002119574062501073
2022-11-04,0.006337152459503625,0.0002322624608126489
2022-11-07,0.005796272224731437,0.0005796303209102405
2022-11-08,0.0054143873255025985,0.0036350460070302404
2022-11-09,0.005425542968866713,8.568876511638734e-05
2022-11-10,0.004934247989835011,0.000511970318717303
2022-11-11,0.004608298736047989,0.008251817263044359
2022-11-14,0.004980433960092366,0.00404387196992495
2022-11-15,0.005032079012679286,2.409199344377555e-05
2022-11-16,0.0045582046065789665,0.001031547695037105
2022-11-17,0.0043523369004948515,0.004546349481291401
2022-11-18,0.004497446513100897,1.730330767202304e-05
2022-11-21,0.004060783232609127,3.9022014679090944e-05
2022-11-22,0.0036694426399443893,0.00043565070847506604
2022-11-23,0.003449180442629902,0.005276162932741357
2022-11-24,0.003703394006987037,0.0003722843259961195
2022-11-25,0.0034767415573454296,0.0015863848704533723
2022-11-28,0.0034346202717184097,3.3907596048265987e-05
2022-11-29,0.00310994148405384,2.8951869985860412e-06
2022-11-30,0.0027985716159466883,0.0042468009280813845
2022-12-01,0.003037964985465632,9.632239498458262e-06
2022-12-02,0.0027492889807212654,2.4575023491735237e-06
2022-12-05,0.002466007449105796,0.005759594966550097
2022-12-06,0.002800446611992426,0.0015986039192270596
2022-12-07,0.0027960364260738624,0.0005874863338064529
2022-12-08,0.002673661375922924,0.0063422441243066174
2022-12-09,0.0030262078524800947,0.004518390094988334
2022-12-12,0.003255748858990595,0.006924554393055615
2022-12-13,0.0036256971870760055,0.003755148009995324
2022-12-14,0.0037762520425475288,0.0026318645972445154
2022-12-15,0.003819173720000768,0.006892713665733297
2022-12-16,0.004164195509828428,0.0057783410690994685
2022-12-19,0.004431510386421106,0.0033845573239990046
2022-12-20,0.004482913473769996,0.0004033982861173513
2022-12-21,0.004165303472331443,2.6382047309425616e-05
2022-12-22,0.0037487735415450375,0.0008341999005807565
2022-12-23,0.003583154900554748,0.00026449789695348613
2022-12-26,0.0033275388598041225,0.001392574413159764
2022-12-27,0.003275586087695944,0.0012865465749580807
2022-12-28,0.0032071334917401677,0.001377550118807136
2022-12-29,0.0031681954545619544,0.002330248113405986
2022-12-30,0.0032194100202179088,0.011772896356227136
2023-01-02,0.0038624416895859945,0.0017832192291180604
2023-01-03,0.0038060812108089595,0.0013898220288286467
2023-01-04,0.0037199213716990463,0.00334247170507318
2023-01-05,0.0038267412168073137,0.007973924935855692
2023-01-06,0.004238800846104536,8.412155949599764e-08
2023-01-09,0.0037506617679395836,0.00796212978186972
2023-01-10,0.00418307866725878,0.009625965012064697
2023-01-11,0.00472056509437326,0.001057917945196607
2023-01-12,0.004411849709786074,0.012896214919896565
2023-01-13,0.004985236331132016,0.005435171523769711
2023-01-16,0.00514794435074138,0.0014869732658961965
2023-01-17,0.004970274637122727,0.012692177340355215
2023-01-18,0.005572161141184894,0.006647966610470846
2023-01-19,0.005767954185521078,0.005791273455857393
2023-01-20,0.00592445820505461,0.0005568615301552171
2023-01-23,0.00549390074695838,0.010969351104987979
2023-01-24,0.005978945563043286,0.0002765559990134392
2023-01-25,0.0054905099321426055,0.014473252188722086
2023-01-26,0.0061727336351485515,0.015030365063125828
2023-01-27,0.006837928345440572,0.0014605997770367196
2023-01-30,0.006483368540540411,0.0005781822860022601
2023-01-31,0.006087673824606488,0.002112894700619705
2023-02-01,0.005792066965829607,0.011669982956403757
2023-02-02,0.00626649908159046,0.0016568989912109089
2023-02-03,0.006003089561705743,0.0009012139098185656
2023-02-06,0.005661361729682468,0.0008337513700773513
2023-02-07,0.005342378413721678,0.0012403090389927485
2023-02-08,0.005104457771508166,0.00875954392275169
2023-02-09,0.005469616251496746,0.0005085287315935716
2023-02-10,0.0051253707701097145,0.0018526932769997728
2023-02-13,0.005004021721332979,0.006473672714777834
2023-02-14,0.005225609117536051,0.006730438317365639
2023-02-15,0.005446616131024874,0.0002323087376190358
2023-02-16,0.0050390571991698035,0.00910393643589913
2023-02-17,0.005406814974395642,0.0001437913967716753
2023-02-20,0.0049876230066576085,0.005020068544258294
2023-02-21,0.005114062864952154,0.02232411894417652
2023-02-22,0.006033331423560578,0.004127513672846916
2023-02-23,0.006048720775038038,0.009039001685342996
2023-02-24,0.006342617703335208,0.0004495439549128122
2023-02-27,0.005916820149901698,0.003264532469170689
2023-02-28,0.005861651060139841,0.0015869265927008769
2023-03-01,0.005648800609072273,0.007758725942304423
2023-03-02,0.005905953281347727,0.004697075194320277
2023-03-03,0.005968053234235046,0.003010060959468319
2023-03-06,0.0058785417873519034,0.0003717951835682243
2023-03-07,0.005472630716490843,0.00204927654094611
2023-03-08,0.00533439988182633,0.001185896924782881
2023-03-09,0.00511356892037416,0.0006157960396979689
2023-03-10,0.004829903982921359,0.002476413068047023
2023-03-13,0.004774671338150315,0.00147436951114166
2023-03-14,0.004620323792329926,0.018052410748042647
2023-03-15,0.005394881540988208,3.109235269249666e-05
2023-03-16,0.00491394561551112,0.004238720235967719
2023-03-17,0.0049962460025393075,0.005998598800520227
2023-03-20,0.0051800189037783185,0.0016356264458536884
2023-03-21,0.005049310115001561,0.0006136928547064713
2023-03-22,0.004751715318057586,0.002073931310219379
2023-03-23,0.004650059893400466,0.009065356430454585
2023-03-24,0.005047293393454901,0.00017501054970736618
2023-03-27,0.0046772330700508,0.0038557208692111544
2023-03-28,0.004750710931052591,0.000866684577797372
2023-03-29,0.004519905933805081,0.0015521704949037485
2023-03-30,0.004410317898442901,0.00011605868687070142
2023-03-31,0.004062691395971801,0.0035706426449824136
2023-04-03,0.0041543346253646455,0.005656946028034682
2023-04-04,0.0043750014417917905,0.000463453316482898
2023-04-05,0.004116422081379943,0.00019269352925022076
2023-04-06,0.0038031986914775244,0.0027233803249870903
2023-04-07,0.0038506767036059655,0.0017893037550109625
2023-04-10,0.0037956512486333857,5.861904739390411e-09
2023-04-11,0.0034269828374798345,0.00933402776782799
2023-04-12,0.003900650990091166,0.0005852265175754212
2023-04-13,0.0036971805806117275,0.00028167470975759556
2023-04-14,0.0034752156374923153,0.0006942385482240354
2023-04-17,0.0033290059999228207,0.0028751921111478396
2023-04-18,0.003410070710342751,0.009015224412381784
2023-04-19,0.0038538844678376355,8.90595542699657e-05
2023-04-20,0.0035479726242276916,0.011649724492494684
2023-04-21,0.00410446757590543,0.0018439509502243823
2023-04-24,0.004047713655488501,0.005977965346756875
2023-04-25,0.004299516914991686,0.00016838468695823394
2023-04-26,0.003965385780247144,0.0006441837062478584
2023-04-27,0.0037973810926140708,0.005165251009943361
2023-04-28,0.004005973180165495,0.0007122493780826744
2023-05-01,0.003815753743024959,0.002219079223532816
2023-05-02,0.003832910212658566,0.008251847462945605
2023-05-03,0.0042266428458063434,0.0008066270915616514
2023-05-04,0.004043904845531254,0.01498767741231255
2023-05-05,0.00473102762841562,0.00023760168562780848
2023-05-08,0.0043825429197813905,0.0004255828628565439
2023-05-09,0.004123508239491565,0.00010391318246760761
2023-05-10,0.003805597360152894,0.001400320827634971
2023-05-11,0.003730090023402677,0.007754674212030466
2023-05-12,0.004091844012866527,0.005014800376041961
2023-05-15,0.004281121415554794,0.01122069555485794
2023-05-16,0.00480334157155421,2.8532419687365973e-05
2023-05-17,0.004371695519120487,0.005950650993803208
2023-05-18,0.004605133408034655,0.0035681236390150417
2023-05-19,0.004662463383906159,0.003291401633010338
2023-05-22,0.0046970164056686576,0.003809346209845188
2023-05-23,0.0047649064767130095,0.0016528115931944143
2023-05-24,0.004638864228145964,0.0050323935439671175
2023-05-25,0.0047987477423804825,0.006555679606702114
2023-05-26,0.005064446219288179,0.011818422452899213
2023-05-29,0.00558674387278949,9.839261376143327e-05
2023-05-30,0.0050939802625225485,0.00047228525536802124
2023-05-31,0.0047801829745492365,0.0015373684905810592
2023-06-01,0.004625113444578804,0.0020546730379091827
2023-06-02,0.004575250079369317,1.4765323523846519e-05
2023-06-05,0.0041405661229442295,0.000309200552733202
2023-06-06,0.003872342545546595,6.33312545659237e-05
2023-06-07,0.0035477807998330227,0.00040191306928605286
2023-06-08,0.003352948056352016,0.0006857167549956245
2023-06-09,0.003228071904168655,0.008498561448632813
2023-06-12,0.003632807842988429,0.0008031892819122533
2023-06-13,0.003509722509223737,0.014760201289929498
2023-06-14,0.004212649203872845,0.0063271911398263825
2023-06-15,0.00448613459303797,8.243501348204063e-08
2023-06-16,0.004060267238494245,0.0004487867622007258
2023-06-19,0.003826320093975595,0.005302816319352033
2023-06-20,0.004074869689430777,0.027359379462293276
2023-06-21,0.005247339476284444,0.0009089910561979053
2023-06-22,0.004997991774654188,0.004130197081881448
2023-06-23,0.005075544026922066,0.005914582578473215
2023-06-26,0.005276093194500149,0.00024089274413796602
2023-06-27,0.00486233946228584,0.019715312740375524
2023-06-28,0.0057442998608833815,0.0032014094981924757
2023-06-29,0.005700004130879939,0.00260887212084171
2023-06-30,0.005571308135301548,0.0002149048875867976
2023-07-03,0.00511715506556642,0.0009161875796213081
2023-07-04,0.004864400065403059,0.0011984971008409673
2023-07-05,0.004676896916250628,0.00578618504318662
2023-07-06,0.004879466581428222,0.017074922633678824
2023-07-07,0.00564418581135954,0.014446120683539121
2023-07-10,0.006263725872457129,0.0024035895224603365
2023-07-11,0.00606731575932191,0.00014022837620863982
2023-07-12,0.0055592249363606875,0.018468703240859696
2023-07-13,0.006351761430555529,0.0019767253320388534
2023-07-14,0.006104264404641319,0.022967574325445383
2023-07-17,0.0072123382008661896,0.0005157765009702331
2023-07-18,0.006550149645645848,0.005124542864297865
2023-07-19,0.006596830334462054,0.0020761949727692297
2023-07-20,0.006335524407859101,4.4602122207137995e-05
2023-07-21,0.005756305917308285,0.00019161196175510042
2023-07-24,0.005299334117864954,1.874751503727623e-05
2023-07-25,0.004808799219054751,0.008106277641813264
2023-07-26,0.0051533389203539635,0.029523757553262087
2023-07-27,0.0063456211770833715,0.0051324648416315455
2023-07-28,0.006383268683764221,0.00024721114279024903
2023-07-31,0.0058910470803855645,0.0035662457915517365
2023-08-01,0.0058582310898343416,0.0032060110392144736
2023-08-02,0.005788146715022873,0.0039636903912150245
2023-08-03,0.005799568625739693,0.004286996832295387
2023-08-04,0.005826641614705571,0.0004723215303119588
2023-08-07,0.0054326575278636925,0.007839899829072294
2023-08-08,0.005723168457924457,0.0263523997146482
2023-08-09,0.0068024375605065315,0.012280524060548359
2023-08-10,0.0072953631772381695,0.0035946977059726493
2023-08-11,0.00713544820910093,0.0033326290147979165
2023-08-14,0.006978498215575038,3.934536668204203e-05
2023-08-15,0.006314063192288042,0.001810653420379893
2023-08-16,0.006070706372031346,8.612333627056046e-05
2023-08-17,0.005534646918816499,0.018368134783937506
2023-08-18,0.006343958763691877,0.004257913361833232
2023-08-21,0.006323153371818103,0.0031316047279332793
2023-08-22,0.006217401119651446,0.0008488350766384656
2023-08-23,0.005847710983755938,0.02197740781842228
2023-08-24,0.006785647075102683,0.022245314950016137
2023-08-25,0.007743265767815553,0.005706453977172288
2023-08-28,0.007720198060057382,0.012824355694464273
2023-08-29,0.008180312832024712,0.003726695644653333
2023-08-30,0.007959981638480797,0.03253712562451483
2023-08-31,0.009355073246812397,0.006485497116754502
2023-09-01,0.00928005985947465,0.010656564506694721
2023-09-04,0.009510250024712005,7.225784186282169e-05
2023-09-05,0.0085457692778575,0.0017887628150354828
2023-09-06,0.008062626594373309,0.008440535544062655
2023-09-07,0.008231835190746935,0.020263914078526568
2023-09-08,0.009072329177064525,0.005287096686997117
2023-09-11,0.008935898308605418,0.00236296271059544
2023-09-12,0.0084808433080094,0.006650492979972
2023-09-13,0.008483502089118243,0.0094359807269484
2023-09-14,0.008692220953529265,0.008525279354497428
2023-09-15,0.0088208503087864,0.014297652965861829
2023-09-18,0.00931173997689797,0.007040647368359743
2023-09-19,0.009283569915165421,0.002385680644886534
2023-09-20,0.008807224264679643,0.029345705148125845
2023-09-21,0.010081899890741342,0.0017336637796709908
2023-09-22,0.009414616971995795,2.74741035255488e-07
2023-09-25,0.008318454233246259,0.0010581476131825696
2023-09-26,0.007754849383768771,0.000633481151492532
2023-09-27,0.007170836844544925,0.003152636327095948
2023-09-28,0.006978165277351029,0.010376428239846192
2023-09-29,0.0073510982727419275,0.0006792168883400507
2023-10-02,0.0068174568518141925,0.0024292214691037373
2023-10-03,0.006584795161025557,0.0111528373239409
2023-10-04,0.007005320846930331,0.008339698225444891
2023-10-05,0.007255857690147539,0.006684037977636947
2023-10-06,0.007361803434880088,0.029588880836204368
2023-10-09,0.008629554095275003,0.01129533820636297
2023-10-10,0.008944421691510957,8.735920404845388e-05
2023-10-11,0.008025511635867623,0.0022029249907440374
2023-10-12,0.007639302219600601,0.01441542359564707
2023-10-13,0.0082184827335197,0.0018114786894756207
2023-10-16,0.007782854902411631,0.0004134950150547212
2023-10-17,0.0071283700698043535,3.7645951694642577e-05
2023-10-18,0.006389782592724459,0.000256716500350862
2023-10-19,0.0058568851028080226,0.008601595368645576
2023-10-20,0.006218380110552229,0.006894268609823229
2023-10-23,0.006394083824776817,0.002954552142089284
2023-10-24,0.006255217512338691,3.142223771490649e-05
2023-10-25,0.005665176640741576,0.005486177418051241
2023-10-26,0.005789631733198763,0.007549913727892488
2023-10-27,0.006047360682568649,0.010413568217467528
2023-10-30,0.006463224913424789,0.00015299808977076168
2023-10-31,0.005895095942573501,0.000524543657324017
2023-11-01,0.0054887162057828875,0.0011294399403070088
2023-11-02,0.005205414783388897,0.003658281561037313
2023-11-03,0.0052253057755325205,0.0022328296406062265
2023-11-06,0.005114133870888336,0.0036407462569361115
2023-11-07,0.0051315258164896915,0.0013270484391743054
2023-11-08,0.004924751163005303,0.0011193063646217638
2023-11-09,0.004707706907364524,0.0015690667705392514
2023-11-10,0.004575778715904588,0.002676020406003232
2023-11-13,0.004560540287612909,0.0003304487777224807
2023-11-14,0.004216333919344402,0.0028607655814347765
2023-11-15,0.004257031094111743,0.0007833003620287826
2023-11-16,0.004047933406348251,0.00023184147773669395
2023-11-17,0.0037470492445706213,0.0002681648757718591
2023-11-20,0.003483195556771765,0.0065549193852803
2023-11-21,0.003830236345509798,0.002580791024390905
2023-11-22,0.00386701723750833,0.0056948511421826
2023-11-23,0.004136607153428717,0.007880624649418522
2023-11-24,0.0045149041606735215,0.0016048881973595996
2023-11-27,0.0043990977588345675,0.0001655720641338121
2023-11-28,0.0040453936844902965,0.0009628155451242293
2023-11-29,0.003882896689677683,0.00022817021044474473
2023-11-30,0.003598549111710561,0.0030855899347521643
2023-12-01,0.003695235218822551,0.00811732332475934
2023-12-04,0.004115547833852768,0.0010546107779862979
2023-12-05,0.003962223662547829,0.00021082788024351373
2023-12-06,0.0036621534489971025,0.0001720081054781275
2023-12-07,0.003388904271313254,0.002633679800796429
2023-12-08,0.0034565689960623595,0.0008190714240381425
2023-12-11,0.0033220052267368167,0.0009672336509716217
2023-12-12,0.00322112601012929,5.417250275030483e-06
2023-12-13,0.0029114936784201107,0.0012479826601978772
2023-12-14,0.0028744606442540318,0.0001888240105163419
2023-12-15,0.0026832032677488087,5.515850149606649e-05
2023-12-18,0.0024552278368718135,0.009751687622699734
2023-12-19,0.0030096469362262033,0.003244236786786203
2023-12-20,0.0031501572724511955,0.010138406514377252
2023-12-21,0.003690414370230474,0.010492350392770078
2023-12-22,0.004222617257144689,0.007727522849149793
2023-12-25,0.004594794205397872,0.000395261981552153
2023-12-26,0.004271547879416128,0.015957710409345793
2023-12-27,0.005075430330526696,0.010843002562308968
2023-12-28,0.005595604598400405,0.009167687659392243
2023-12-29,0.005985715630319607,0.0014784009806039222
2024-01-01,0.005680646730624509,0.0041158951743156535
2024-01-02,0.005670614032963269,0.0006781553289485487
2024-01-03,0.0053008446463785695,1.2897255182053868e-05
2024-01-04,0.00475855182591662,0.00012652483548691862
2024-01-05,0.004348853204893229,0.00022569146549322738
2024-01-08,0.004028466731076566,0.0010790451097992815
2024-01-09,0.003887663155184727,0.0005532725768322422
2024-01-10,0.0036814531434498092,0.0009543647039311765
2024-01-11,0.003555213718962019,0.0002906880769657505
2024-01-12,0.0033238466209137107,0.0008426743662539593
2024-01-15,0.0032120501332971252,5.311068870739177e-05
2024-01-16,0.002945107127387924,0.0006847225541335433
2024-01-17,0.0028598888474690755,2.5092379264179954e-05
2024-01-18,0.00257612285600605,0.00637404098021932
2024-01-19,0.0029561991088569604,0.0012181535849098424
2024-01-22,0.002933754605923831,0.00591174626678459
2024-01-23,0.003242447318052151,0.007772127737849743
2024-01-24,0.003669907274945082,0.00029713212361137664
2024-01-25,0.0034371534482452075,0.0013759790704366281
2024-01-26,0.0033705823856344935,0.00019542821170581703
2024-01-29,0.003128427884243043,0.002452804747090198
2024-01-30,0.00319944067310079,0.002586014586693608
2024-01-31,0.0032941662980679014,0.0015026510764410972
2024-02-01,0.0032537456341259373,0.0011370789546631954
2024-02-02,0.0031815877168188617,0.0001348544004766694
2024-02-05,0.002941463916595167,0.010984858712541623
2024-02-06,0.003548410581489772,0.004693374167942466
2024-02-07,0.0037641165673102718,0.0002809523502467215
2024-02-08,0.0034955344279663124,0.02289903205737609
2024-02-09,0.004627183407058848,3.050097499901483e-05
2024-02-12,0.00419320977139784,0.004701877423283207
2024-02-13,0.004365687924504258,0.0018053674894105143
2024-02-14,0.004289078266717604,0.00016604019552524107
2024-02-15,0.003906161536355145,0.004462207728497702
2024-02-16,0.004083546914189183,0.00046043187678890263
2024-02-19,0.0038382204841001448,4.8798379294723304e-05
2024-02-20,0.0034809455639389264,0.003314195419411803
2024-02-21,0.0036218157323838988,0.001384402376240601
2024-02-22,0.0035328161049775226,0.019094206348015064
2024-02-23,0.00450690514768642,0.013642720078843595
2024-02-26,0.005228465776201156,0.005647098558492658
2024-02-27,0.005404373275080163,0.01495710149796814
2024-02-28,0.006179222132086733,0.001612880734469968
2024-02-29,0.005911873760434609,0.0005053858675356793
2024-03-01,0.005391830246535744,0.0032618558956230004
2024-03-04,0.005340030021358972,0.0005706414835362494
2024-03-05,0.004956350018583078,0.0020406739543918917
2024-03-06,0.004838096884933396,0.002043428935328606
2024-03-07,0.0047246032139156265,0.0032049231563249236
2024-03-08,0.004736657238934874,0.0005067415524688812
2024-03-11,0.004422052942472002,0.004657409178058458
2024-03-12,0.00458297350515497,0.0017446574581629903
2024-03-13,0.004468688756082748,0.0014752169198448684
2024-03-14,0.004328123814391173,0.008687401912540693
2024-03-15,0.004760143688889091,0.003546003628056127
2024-03-18,0.004793368599702238,0.0008482989247369233
2024-03-19,0.004551371638528164,0.002379586854852178
2024-03-20,0.0044970037933900215,0.007432070978513394
2024-03-21,0.004836866543797873,0.0015898371179154935
2024-03-22,0.00468277335303116,0.00434370284066965
2024-03-25,0.004803807141058242,0.0018605681964967147
2024-03-26,0.004671956366751366,0.003400282228279039
2024-03-27,0.004713354844085015,0.0028559393206446515
2024-03-28,0.0047024602991078005,0.0014527796867493947
2024-03-29,0.004547914324939224,0.0061630037039321905
2024-04-01,0.004788170407716163,4.1680774188535e-05
2024-04-02,0.004325746132095683,0.009075869740399867
2024-04-03,0.004764618586083819,0.004109693077491983
2024-04-04,0.00485724301828247,0.0006092373208463897
2024-04-05,0.004560191960524298,9.489854409494569e-05
2024-04-08,0.0041569302714390055,0.0010861444776466556
2024-04-09,0.00399249902365813,7.093403137403698e-05
2024-04-10,0.003632601833298776,0.005974010639738125
2024-04-11,0.003933305222980116,0.0013343635490681294
2024-04-12,0.003799413469236114,0.0062019772203640855
2024-04-15,0.004123030742424202,0.0028344787370588875
2024-04-16,0.004157606592052645,0.00018857773821423507
2024-04-17,0.003827517975702175,0.0048163122753202
2024-04-18,0.004034108300630735,0.006118076366663061
2024-04-19,0.004317418094970209,1.5568575548741137e-06
2024-04-22,0.0038647427928770206,0.0005687825618263531
2024-04-23,0.0036528772393546968,0.0028048555436548384
2024-04-24,0.003715043544239241,0.000539623509187237
2024-04-25,0.003506786989475207,0.004549736871840793
2024-04-26,0.0037148179370048505,1.4820021450034915e-05
2024-04-29,0.003351305214083573,2.194333145411065e-05
2024-04-30,0.0030250221920483716,0.0008323593044714528
2024-05-01,0.0029343547273112166,0.0012638904537691786
2024-05-02,0.0029003799284604385,0.010145878154382615
2024-05-03,0.003486594922523867,0.005139579561239671
2024-05-06,0.0037528647912367864,8.945442993102404e-05
2024-05-07,0.0034163920816882454,0.000640678097441949
2024-05-08,0.003250900845247428,3.665423406040702e-05
2024-05-09,0.002952670303045229,0.0031034240180733974
2024-05-10,0.0030965954350457526,0.0028634106012148663
2024-05-13,0.0032039169411781907,5.768863041488714e-05
2024-05-14,0.0029180159207363426,0.0034703462314134015
2024-05-15,0.0031132155228954074,0.001675844604129395
2024-05-16,0.003090479031489775,0.0003543319599650374
2024-05-17,0.0029127978097491744,0.008389002436347326
2024-05-20,0.0033829659432712596,0.0010526547019491517
2024-05-21,0.003286702167982764,0.00012723095494493464
2024-05-22,0.00302237975661107,0.00635952727422584
2024-05-23,0.0033725859574925926,0.0022410203077978252
2024-05-24,0.003390888087806719,1.2913582903451015e-05
2024-05-27,0.003072286737769135,0.00028836676732169053
2024-05-28,0.002876971684635905,0.0034207638246339656
2024-05-29,0.0030434779830866843,0.00046436559681595213
2024-05-30,0.0028846357594807287,0.0019199273953276474
2024-05-31,0.002947856681515306,0.007343394439521589
2024-06-03,0.0033591733409060937,1.3225727482080174e-06
2024-06-04,0.002997336480945966,0.00012756353674170384
2024-06-05,0.002759227874983361,4.52679607576556e-06
2024-06-06,0.0024798410382774593,2.6827452058952872e-05
2024-06-07,0.0022567058923680704,9.47582507802025e-05
2024-06-10,0.0020904469628823426,7.389543918989716e-06
2024-06-11,0.0019121182709762301,0.0007041799064158027
2024-06-12,0.0018873855811080951,0.0005174508344758522
2024-06-13,0.0018561912372243577,0.0005578837374127232
2024-06-14,0.0018214365879366632,0.008909794517572678
2024-06-17,0.0023778795406567397,0.0016425204425427609
2024-06-18,0.0024219255527215804,1.862126488560989e-07
2024-06-19,0.0022184659718814856,0.0002801404395320617
2024-06-20,0.0021068620048673658,0.00034671648010586864
2024-06-21,0.0020186822979731535,4.0336012110842034e-05
2024-06-24,0.0018718412778540106,0.0002515167695111842
2024-06-25,0.00178427402555078,0.0068333316138158295
2024-06-26,0.0021450208054217814,0.002143077265225557
2024-06-27,0.002238845837679527,0.0001761154265746967
2024-06-28,0.0021125413447680643,0.002127264985778865
2024-07-01,0.002180505458867039,0.005132287049177009
2024-07-02,0.002455683565334311,0.001208888042564027
2024-07-03,0.002467838923679453,0.0010043873775362755
2024-07-04,0.00244383921574784,0.003049871847629504
2024-07-05,0.0025709163605939027,0.0007512618350276057
2024-07-08,0.002497772572279963,0.0017087768897088296
2024-07-09,0.0025088630642889497,0.0008963954215293057
2024-07-10,0.0024708704094189697,0.000743419953549207
2024-07-11,0.002400513464418157,0.001568612438171968
2024-07-12,0.002439239999664989,0.0006769703871487565
2024-07-15,0.0023570287782712675,0.011960263029170193
2024-07-16,0.0029547586714933818,0.0036043215857333166
2024-07-17,0.0030979627258639424,0.004389619606776307
2024-07-18,0.003288114613298511,0.001066646938538085
2024-07-19,0.0032340202672267388,0.005297156095300792
2024-07-22,0.0034529115115701403,4.5740773556346426e-05
2024-07-23,0.003166202339765214,0.004436988250107632
2024-07-24,0.003392472022549587,1.2897555450308573e-06
2024-07-25,0.0030519273952068653,0.007773031187367607
2024-07-26,0.0034268315449769936,0.0012107357542632258
2024-07-29,0.003352641762975189,0.001438912154048566
2024-07-30,0.0033076945035506403,0.0001460075798540572
